Model,NDCG,RMSE,MAE,MSE,Rank
LightGBM,0.9998821359556026,4.434578862862239,4.2754809175932476,19.665489690944543,1.0
XGBoost,0.9996949804342113,4.1597012467937,4.120175961895181,17.303114462577067,2.0
Random Forest,0.9989864254550596,0.6964086237214943,0.5941582611821776,0.4849849711936658,3.0
